model_name,mse,rmse,mae,r2,n_samples
Baseline_0_Global,615.564711925502,24.810576614127733,16.049539547723818,-0.039877417285262284,1557
Baseline_1_SR_TYPE,662.0091132333968,25.729537757864925,14.502587379630935,-0.11833624239942653,1557
Baseline_2_ZIP,654.937708737974,25.591750794698946,16.73159813148572,-0.10639047341556473,1557
Baseline_3_SR_ZIP,979.4854150845762,31.296731699725072,17.285495644358605,-0.6546509960272062,1557
XGB_Conservative,571.6381165299952,23.908954735203192,9.42704742642488,0.03432806214700013,1557
RF_Conservative,564.768112852462,23.764850364613324,9.576942687633116,0.04593360343702457,1557
LightGBM_Ensemble,599.8278758309013,24.491383705926076,10.43630615575175,-0.013293079103974037,1557
